Fund Holdings as of,"05/Apr/2021"
 
Issuer Ticker,Name,Asset Class,Weight (%),Price,Nominal,Market Value,Notional Value,Sector,ISIN,Exchange,Location,Market Currency
"INTC","INTEL CORPORATION CORP","Equity","3.03","66.54","247,841.00","16,491,340.14","16,491,340.14","Information Technology","US4581401001","NASDAQ","United States","USD"
"AMAT","APPLIED MATERIAL INC","Equity","2.31","143.05","87,694.00","12,544,626.70","12,544,626.70","Information Technology","US0382221051","NASDAQ","United States","USD"
"AAPL","APPLE INC","Equity","1.98","125.90","85,382.00","10,749,593.80","10,749,593.80","Information Technology","US0378331005","NASDAQ","United States","USD"
"WMT","WALMART INC","Equity","1.95","139.43","76,188.00","10,622,892.84","10,622,892.84","Consumer Staples","US9311421039","New York Stock Exchange Inc.","United States","USD"
"MU","MICRON TECHNOLOGY INC","Equity","1.84","93.75","106,712.00","10,004,250.00","10,004,250.00","Information Technology","US5951121038","NASDAQ","United States","USD"
"TGT","TARGET CORP","Equity","1.82","205.35","48,169.00","9,891,504.15","9,891,504.15","Consumer Discretionary","US87612E1064","New York Stock Exchange Inc.","United States","USD"
"LRCX","LAM RESEARCH CORP","Equity","1.70","660.80","14,005.00","9,254,504.00","9,254,504.00","Information Technology","US5128071082","NASDAQ","United States","USD"
"ANTM","ANTHEM INC","Equity","1.58","354.89","24,232.00","8,599,694.48","8,599,694.48","Health Care","US0367521038","New York Stock Exchange Inc.","United States","USD"
"NVDA","NVIDIA CORP","Equity","1.55","559.50","15,021.00","8,404,249.50","8,404,249.50","Information Technology","US67066G1040","NASDAQ","United States","USD"
"RIO","RIO TINTO PLC","Equity","1.51","76.14","107,768.00","8,205,065.40","8,205,065.40","Materials","GB0007188757","London Stock Exchange","United Kingdom","GBP"
"FDX","FEDEX CORP","Equity","1.24","281.57","23,980.00","6,752,048.60","6,752,048.60","Industrials","US31428X1063","New York Stock Exchange Inc.","United States","USD"
"MSFT","MICROSOFT CORP","Equity","1.15","249.07","24,987.00","6,223,512.09","6,223,512.09","Information Technology","US5949181045","NASDAQ","United States","USD"
"BHP","BHP GROUP PLC","Equity","1.08","28.73","203,348.00","5,842,545.53","5,842,545.53","Materials","GB00BH0P3Z91","London Stock Exchange","United Kingdom","GBP"
"ETN","EATON PLC","Equity","1.00","142.36","38,224.00","5,441,568.64","5,441,568.64","Industrials","IE00B8KQN827","New York Stock Exchange Inc.","United States","USD"
"HUM","HUMANA INC","Equity","0.96","413.15","12,640.00","5,222,216.00","5,222,216.00","Health Care","US4448591028","New York Stock Exchange Inc.","United States","USD"
"HCA","HCA HEALTHCARE INC","Equity","0.89","188.00","25,831.00","4,856,228.00","4,856,228.00","Health Care","US40412C1018","New York Stock Exchange Inc.","United States","USD"
"REGN","REGENERON PHARMACEUTICALS INC","Equity","0.89","484.56","9,986.00","4,838,816.16","4,838,816.16","Health Care","US75886F1075","NASDAQ","United States","USD"
"MET","METLIFE INC","Equity","0.84","61.58","73,695.00","4,538,138.10","4,538,138.10","Financials","US59156R1086","New York Stock Exchange Inc.","United States","USD"
"HPQ","HP INC","Equity","0.82","32.46","136,590.00","4,433,711.40","4,433,711.40","Information Technology","US40434L1052","New York Stock Exchange Inc.","United States","USD"
"EBAY","EBAY INC","Equity","0.78","63.69","66,853.00","4,257,867.57","4,257,867.57","Consumer Discretionary","US2786421030","NASDAQ","United States","USD"
"BIIB","BIOGEN INC","Equity","0.77","277.88","15,126.00","4,203,212.88","4,203,212.88","Health Care","US09062X1037","NASDAQ","United States","USD"
"TEL","TE CONNECTIVITY LTD","Equity","0.77","132.77","31,526.00","4,185,707.02","4,185,707.02","Information Technology","CH0102993182","New York Stock Exchange Inc.","United States","USD"
"CTSH","COGNIZANT TECHNOLOGY SOLUTIONS COR","Equity","0.77","80.33","51,797.00","4,160,853.01","4,160,853.01","Information Technology","US1924461023","NASDAQ","United States","USD"
"EA","ELECTRONIC ARTS INC","Equity","0.72","141.54","27,590.00","3,905,088.60","3,905,088.60","Communication","US2855121099","NASDAQ","United States","USD"
"CDNS","CADENCE DESIGN SYSTEMS INC","Equity","0.71","145.87","26,631.00","3,884,663.97","3,884,663.97","Information Technology","US1273871087","NASDAQ","United States","USD"
"PSA","PUBLIC STORAGE REIT","Equity","0.71","255.27","15,025.00","3,835,431.75","3,835,431.75","Real Estate","US74460D1090","New York Stock Exchange Inc.","United States","USD"
"A","AGILENT TECHNOLOGIES INC","Equity","0.71","130.00","29,492.00","3,833,960.00","3,833,960.00","Health Care","US00846U1016","New York Stock Exchange Inc.","United States","USD"
"TROW","T ROWE PRICE GROUP INC","Equity","0.70","176.50","21,681.00","3,826,696.50","3,826,696.50","Financials","US74144T1088","NASDAQ","United States","USD"
"SNPS","SYNOPSYS INC","Equity","0.69","260.11","14,493.00","3,769,774.23","3,769,774.23","Information Technology","US8716071076","NASDAQ","United States","USD"
"CMI","CUMMINS INC","Equity","0.68","261.52","14,109.00","3,689,785.68","3,689,785.68","Industrials","US2310211063","New York Stock Exchange Inc.","United States","USD"
"STLA","STELLANTIS NV","Equity","0.66","17.86","201,499.00","3,598,411.38","3,598,411.38","Consumer Discretionary","NL00150001Q9","Borsa Italiana","Italy","EUR"
"MNST","MONSTER BEVERAGE CORP","Equity","0.65","93.44","37,781.00","3,530,256.64","3,530,256.64","Consumer Staples","US61174X1090","NASDAQ","United States","USD"
"ALL","ALLSTATE CORP","Equity","0.64","117.49","29,834.00","3,505,196.66","3,505,196.66","Financials","US0200021014","New York Stock Exchange Inc.","United States","USD"
"AMZN","AMAZON COM INC","Equity","0.64","3,226.73","1,082.00","3,491,321.86","3,491,321.86","Consumer Discretionary","US0231351067","NASDAQ","United States","USD"
"LULU","LULULEMON ATHLETICA INC","Equity","0.63","298.75","11,450.00","3,420,687.50","3,420,687.50","Consumer Discretionary","US5500211090","NASDAQ","United States","USD"
"CARR","CARRIER GLOBAL CORP","Equity","0.62","42.58","78,595.00","3,346,575.10","3,346,575.10","Industrials","US14448C1045","New York Stock Exchange Inc.","United States","USD"
"ALXN","ALEXION PHARMACEUTICALS INC","Equity","0.59","154.12","20,938.00","3,226,964.56","3,226,964.56","Health Care","US0153511094","NASDAQ","United States","USD"
"9432","NIPPON TELEGRAPH AND TELEPHONE COR","Equity","0.59","26.09","122,700.00","3,201,329.73","3,201,329.73","Communication","JP3735400008","Tokyo Stock Exchange","Japan","JPY"
"SWKS","SKYWORKS SOLUTIONS INC","Equity","0.56","191.65","15,957.00","3,058,159.05","3,058,159.05","Information Technology","US83088M1027","NASDAQ","United States","USD"
"DHI","D R HORTON INC","Equity","0.56","92.64","33,005.00","3,057,583.20","3,057,583.20","Consumer Discretionary","US23331A1097","New York Stock Exchange Inc.","United States","USD"
"ADM","ARCHER DANIELS MIDLAND","Equity","0.56","57.52","53,071.00","3,052,643.92","3,052,643.92","Consumer Staples","US0394831020","New York Stock Exchange Inc.","United States","USD"
"XLNX","XILINX INC","Equity","0.56","130.73","23,339.00","3,051,107.47","3,051,107.47","Information Technology","US9839191015","NASDAQ","United States","USD"
"RIO","RIO TINTO LTD","Equity","0.56","85.64","35,462.00","3,036,994.05","3,036,994.05","Materials","AU000000RIO1","Asx - All Markets","Australia","AUD"
"ANSS","ANSYS INC","Equity","0.55","362.76","8,192.00","2,971,729.92","2,971,729.92","Information Technology","US03662Q1058","NASDAQ","United States","USD"
"AD","KONINKLIJKE AHOLD DELHAIZE NV","Equity","0.54","28.06","105,137.00","2,950,431.48","2,950,431.48","Consumer Staples","NL0011794037","Euronext Amsterdam","Netherlands","EUR"
"STT","STATE STREET CORP","Equity","0.53","85.40","33,662.00","2,874,734.80","2,874,734.80","Financials","US8574771031","New York Stock Exchange Inc.","United States","USD"
"FAST","FASTENAL","Equity","0.52","51.44","54,792.00","2,818,500.48","2,818,500.48","Industrials","US3119001044","NASDAQ","United States","USD"
"6702","FUJITSU LTD","Equity","0.51","148.77","18,700.00","2,782,035.68","2,782,035.68","Information Technology","JP3818000006","Tokyo Stock Exchange","Japan","JPY"
"CSU","CONSTELLATION SOFTWARE INC","Equity","0.50","1,426.92","1,923.00","2,743,967.46","2,743,967.46","Information Technology","CA21037X1006","Toronto Stock Exchange","Canada","CAD"
"KR","KROGER","Equity","0.50","36.73","74,304.00","2,729,185.92","2,729,185.92","Consumer Staples","US5010441013","New York Stock Exchange Inc.","United States","USD"
"RMD","RESMED INC","Equity","0.50","195.11","13,845.00","2,701,297.95","2,701,297.95","Health Care","US7611521078","New York Stock Exchange Inc.","United States","USD"
"FERG","FERGUSON PLC","Equity","0.49","124.29","21,484.00","2,670,273.24","2,670,273.24","Industrials","JE00BJVNSS43","London Stock Exchange","United Kingdom","GBP"
"LYB","LYONDELLBASELL INDUSTRIES NV CLASS","Equity","0.49","104.21","25,512.00","2,658,605.52","2,658,605.52","Materials","NL0009434992","New York Stock Exchange Inc.","United States","USD"
"KEYS","KEYSIGHT TECHNOLOGIES INC","Equity","0.49","147.33","17,906.00","2,638,090.98","2,638,090.98","Information Technology","US49338L1035","New York Stock Exchange Inc.","United States","USD"
"BBY","BEST BUY INC","Equity","0.48","117.99","22,207.00","2,620,203.93","2,620,203.93","Consumer Discretionary","US0865161014","New York Stock Exchange Inc.","United States","USD"
"ZBRA","ZEBRA TECHNOLOGIES CORP CLASS A","Equity","0.46","492.80","5,101.00","2,513,772.80","2,513,772.80","Information Technology","US9892071054","NASDAQ","United States","USD"
"FMG","FORTESCUE METALS GROUP LTD","Equity","0.46","15.48","161,738.00","2,504,377.47","2,504,377.47","Materials","AU000000FMG4","Asx - All Markets","Australia","AUD"
"MXIM","MAXIM INTEGRATED PRODUCTS INC","Equity","0.46","97.32","25,470.00","2,478,740.40","2,478,740.40","Information Technology","US57772K1016","NASDAQ","United States","USD"
"ML","MICHELIN","Equity","0.46","152.61","16,211.00","2,474,019.03","2,474,019.03","Consumer Discretionary","FR0000121261","Nyse Euronext - Euronext Paris","France","EUR"
"MG","MAGNA INTERNATIONAL INC","Equity","0.45","90.39","27,092.00","2,448,960.12","2,448,960.12","Consumer Discretionary","CA5592224011","Toronto Stock Exchange","Canada","CAD"
"KSU","KANSAS CITY SOUTHERN","Equity","0.44","266.78","9,011.00","2,403,954.58","2,403,954.58","Industrials","US4851703029","New York Stock Exchange Inc.","United States","USD"
"HIG","HARTFORD FINANCIAL SERVICES GROUP","Equity","0.44","68.30","34,926.00","2,385,445.80","2,385,445.80","Financials","US4165151048","New York Stock Exchange Inc.","United States","USD"
"CLX","CLOROX","Equity","0.43","194.40","12,060.00","2,344,464.00","2,344,464.00","Consumer Staples","US1890541097","New York Stock Exchange Inc.","United States","USD"
"WKL","WOLTERS KLUWER NV","Equity","0.42","88.21","26,074.00","2,299,872.45","2,299,872.45","Industrials","NL0000395903","Euronext Amsterdam","Netherlands","EUR"
"CPRT","COPART INC","Equity","0.42","113.75","20,180.00","2,295,475.00","2,295,475.00","Industrials","US2172041061","NASDAQ","United States","USD"
"URI","UNITED RENTALS INC","Equity","0.42","331.53","6,888.00","2,283,578.64","2,283,578.64","Industrials","US9113631090","New York Stock Exchange Inc.","United States","USD"
"ODFL","OLD DOMINION FREIGHT LINE INC","Equity","0.41","246.30","8,963.00","2,207,586.90","2,207,586.90","Industrials","US6795801009","NASDAQ","United States","USD"
"EPAM","EPAM SYSTEMS INC","Equity","0.40","409.31","5,336.00","2,184,078.16","2,184,078.16","Information Technology","US29414B1044","New York Stock Exchange Inc.","United States","USD"
"QRVO","QORVO INC","Equity","0.40","198.32","10,914.00","2,164,464.48","2,164,464.48","Information Technology","US74736K1016","NASDAQ","United States","USD"
"CERN","CERNER CORP","Equity","0.39","73.25","29,168.00","2,136,556.00","2,136,556.00","Health Care","US1567821046","NASDAQ","United States","USD"
"TER","TERADYNE INC","Equity","0.39","132.68","15,856.00","2,103,774.08","2,103,774.08","Information Technology","US8807701029","NASDAQ","United States","USD"
"TSN","TYSON FOODS INC CLASS A","Equity","0.39","74.62","28,102.00","2,096,971.24","2,096,971.24","Consumer Staples","US9024941034","New York Stock Exchange Inc.","United States","USD"
"1","CK HUTCHISON HOLDINGS LTD","Equity","0.38","8.03","259,000.00","2,080,113.94","2,080,113.94","Industrials","KYG217651051","Hong Kong Exchanges And Clearing Ltd","Hong Kong","HKD"
"WST","WEST PHARMACEUTICAL SERVICES INC","Equity","0.38","289.56","7,051.00","2,041,687.56","2,041,687.56","Health Care","US9553061055","New York Stock Exchange Inc.","United States","USD"
"TSCO","TRACTOR SUPPLY","Equity","0.37","180.35","11,101.00","2,002,065.35","2,002,065.35","Consumer Discretionary","US8923561067","NASDAQ","United States","USD"
"IP","INTERNATIONAL PAPER","Equity","0.36","54.70","35,661.00","1,950,656.70","1,950,656.70","Materials","US4601461035","New York Stock Exchange Inc.","United States","USD"
"GNRC","GENERAC HOLDINGS INC","Equity","0.36","325.04","6,000.00","1,950,240.00","1,950,240.00","Industrials","US3687361044","New York Stock Exchange Inc.","United States","USD"
"HPE","HEWLETT PACKARD ENTERPRISE","Equity","0.36","15.91","121,959.00","1,940,367.69","1,940,367.69","Information Technology","US42824C1099","New York Stock Exchange Inc.","United States","USD"
"DOV","DOVER CORP","Equity","0.35","140.17","13,752.00","1,927,617.84","1,927,617.84","Industrials","US2600031080","New York Stock Exchange Inc.","United States","USD"
"AEE","AMEREN CORP","Equity","0.35","81.49","23,596.00","1,922,838.04","1,922,838.04","Utilities","US0236081024","New York Stock Exchange Inc.","United States","USD"
"HZNP","HORIZON THERAPEUTICS PUBLIC PLC","Equity","0.35","90.82","21,049.00","1,911,670.18","1,911,670.18","Health Care","IE00BQPVQZ61","NASDAQ","United States","USD"
"COO","COOPER INC","Equity","0.35","387.74","4,929.00","1,911,170.46","1,911,170.46","Health Care","US2166484020","New York Stock Exchange Inc.","United States","USD"
"MKTX","MARKETAXESS HOLDINGS INC","Equity","0.35","520.00","3,626.00","1,885,520.00","1,885,520.00","Financials","US57060D1081","NASDAQ","United States","USD"
"16","SUN HUNG KAI PROPERTIES LTD","Equity","0.35","15.15","124,000.00","1,878,546.26","1,878,546.26","Real Estate","HK0016000132","Hong Kong Exchanges And Clearing Ltd","Hong Kong","HKD"
"GIB.A","CGI INC","Equity","0.34","84.64","22,005.00","1,862,563.25","1,862,563.25","Information Technology","CA12532H1047","Toronto Stock Exchange","Canada","CAD"
"BT.A","BT GROUP PLC","Equity","0.34","2.17","852,291.00","1,852,572.17","1,852,572.17","Communication","GB0030913577","London Stock Exchange","United Kingdom","GBP"
"GRMN","GARMIN LTD","Equity","0.34","135.93","13,626.00","1,852,182.18","1,852,182.18","Consumer Discretionary","CH0114405324","NASDAQ","United States","USD"
"EVO","EVOLUTION GAMING GROUP","Equity","0.33","146.93","12,263.00","1,801,840.11","1,801,840.11","Consumer Discretionary","SE0012673267","Nasdaq Omx Nordic","Sweden","SEK"
"GWW","WW GRAINGER INC","Equity","0.33","407.65","4,348.00","1,772,462.20","1,772,462.20","Industrials","US3848021040","New York Stock Exchange Inc.","United States","USD"
"EXPD","EXPEDITORS INTERNATIONAL OF WASHIN","Equity","0.33","110.56","16,014.00","1,770,507.84","1,770,507.84","Industrials","US3021301094","NASDAQ","United States","USD"
"STX","SEAGATE TECHNOLOGY PLC","Equity","0.32","79.20","22,097.00","1,750,082.40","1,750,082.40","Information Technology","IE00B58JVZ52","NASDAQ","United States","USD"
"WPM","WHEATON PRECIOUS METALS CORP","Equity","0.32","40.22","42,820.00","1,722,240.68","1,722,240.68","Materials","CA9628791027","Toronto Stock Exchange","Canada","CAD"
"LOGN","LOGITECH INTERNATIONAL SA","Equity","0.32","107.42","16,006.00","1,719,412.88","1,719,412.88","Information Technology","CH0025751329","SIX Swiss Exchange","Switzerland","CHF"
"DGX","QUEST DIAGNOSTICS INC","Equity","0.31","130.13","13,086.00","1,702,881.18","1,702,881.18","Health Care","US74834L1008","New York Stock Exchange Inc.","United States","USD"
"ALLY","ALLY FINANCIAL INC","Equity","0.31","46.92","35,700.00","1,675,044.00","1,675,044.00","Financials","US02005N1000","New York Stock Exchange Inc.","United States","USD"
"VTRS","VIATRIS INC","Equity","0.30","14.05","117,593.00","1,652,181.65","1,652,181.65","Health Care","US92556V1061","NASDAQ","United States","USD"
"AKAM","AKAMAI TECHNOLOGIES INC","Equity","0.30","103.86","15,893.00","1,650,646.98","1,650,646.98","Information Technology","US00971T1016","NASDAQ","United States","USD"
"NVR","NVR INC","Equity","0.30","4,827.44","338.00","1,631,674.72","1,631,674.72","Consumer Discretionary","US62944T1051","New York Stock Exchange Inc.","United States","USD"
"CTXS","CITRIX SYSTEMS INC","Equity","0.30","142.49","11,358.00","1,618,401.42","1,618,401.42","Information Technology","US1773761002","NASDAQ","United States","USD"
"NTAP","NETAPP INC","Equity","0.29","74.33","21,450.00","1,594,378.50","1,594,378.50","Information Technology","US64110D1046","NASDAQ","United States","USD"
"STE","STERIS","Equity","0.29","195.88","8,121.00","1,590,741.48","1,590,741.48","Health Care","IE00BFY8C754","New York Stock Exchange Inc.","United States","USD"
"6501","HITACHI LTD","Equity","0.29","44.50","35,500.00","1,579,747.58","1,579,747.58","Information Technology","JP3788600009","Tokyo Stock Exchange","Japan","JPY"
"VAR","VARIAN MEDICAL SYSTEMS INC","Equity","0.29","176.85","8,889.00","1,572,019.65","1,572,019.65","Health Care","US92220P1057","New York Stock Exchange Inc.","United States","USD"
"IEX","IDEX CORP","Equity","0.28","214.66","7,211.00","1,547,913.26","1,547,913.26","Industrials","US45167R1041","New York Stock Exchange Inc.","United States","USD"
"MAS","MASCO CORP","Equity","0.28","61.80","24,975.00","1,543,455.00","1,543,455.00","Industrials","US5745991068","New York Stock Exchange Inc.","United States","USD"
"MPWR","MONOLITHIC POWER SYSTEMS INC","Equity","0.28","378.08","4,077.00","1,541,432.16","1,541,432.16","Information Technology","US6098391054","NASDAQ","United States","USD"
"RJF","RAYMOND JAMES INC","Equity","0.28","128.91","11,785.00","1,519,204.35","1,519,204.35","Financials","US7547301090","New York Stock Exchange Inc.","United States","USD"
"KNIN","KUEHNE UND NAGEL INTERNATIONAL AG","Equity","0.28","292.33","5,160.00","1,508,430.55","1,508,430.55","Industrials","CH0025238863","SIX Swiss Exchange","Switzerland","CHF"
"TRI","THOMSON REUTERS CORP","Equity","0.28","90.35","16,594.00","1,499,338.85","1,499,338.85","Industrials","CA8849037095","Toronto Stock Exchange","Canada","CAD"
"1113","CK ASSET HOLDINGS LTD","Equity","0.27","6.06","246,500.00","1,493,113.25","1,493,113.25","Real Estate","KYG2177B1014","Hong Kong Exchanges And Clearing Ltd","Hong Kong","HKD"
"6701","NEC CORP","Equity","0.27","59.11","25,000.00","1,477,731.87","1,477,731.87","Information Technology","JP3733000008","Tokyo Stock Exchange","Japan","JPY"
"EMN","EASTMAN CHEMICAL","Equity","0.26","111.16","12,922.00","1,436,409.52","1,436,409.52","Materials","US2774321002","New York Stock Exchange Inc.","United States","USD"
"CGNX","COGNEX CORP","Equity","0.26","85.34","16,787.00","1,432,602.58","1,432,602.58","Information Technology","US1924221039","NASDAQ","United States","USD"
"SOON","SONOVA HOLDING AG","Equity","0.26","272.48","5,229.00","1,424,797.16","1,424,797.16","Health Care","CH0012549785","SIX Swiss Exchange","Switzerland","CHF"
"JBHT","JB HUNT TRANSPORT SERVICES INC","Equity","0.26","171.07","8,304.00","1,420,565.28","1,420,565.28","Industrials","US4456581077","NASDAQ","United States","USD"
"DPZ","DOMINOS PIZZA INC","Equity","0.26","371.64","3,761.00","1,397,738.04","1,397,738.04","Consumer Discretionary","US25754A2015","New York Stock Exchange Inc.","United States","USD"
"WHR","WHIRLPOOL CORP","Equity","0.26","233.51","5,950.00","1,389,384.50","1,389,384.50","Consumer Discretionary","US9633201069","New York Stock Exchange Inc.","United States","USD"
"SJM","JM SMUCKER","Equity","0.25","127.09","10,900.00","1,385,281.00","1,385,281.00","Consumer Staples","US8326964058","New York Stock Exchange Inc.","United States","USD"
"ABMD","ABIOMED INC","Equity","0.25","321.50","4,305.00","1,384,057.50","1,384,057.50","Health Care","US0036541003","NASDAQ","United States","USD"
"PHM","PULTEGROUP INC","Equity","0.25","53.83","25,612.00","1,378,693.96","1,378,693.96","Consumer Discretionary","US7458671010","New York Stock Exchange Inc.","United States","USD"
"6988","NITTO DENKO CORP","Equity","0.25","89.34","15,400.00","1,375,911.38","1,375,911.38","Materials","JP3684000007","Tokyo Stock Exchange","Japan","JPY"
"MAERSK B","A P MOLLER MAERSK B","Equity","0.25","2,337.29","587.00","1,371,991.34","1,371,991.34","Industrials","DK0010244508","Omx Nordic Exchange Copenhagen A/S","Denmark","DKK"
"POOL","POOL CORP","Equity","0.25","357.00","3,830.00","1,367,310.00","1,367,310.00","Consumer Discretionary","US73278L1052","NASDAQ","United States","USD"
"NN","NN GROUP NV","Equity","0.25","49.33","27,324.00","1,347,880.04","1,347,880.04","Financials","NL0010773842","Euronext Amsterdam","Netherlands","EUR"
"LNT","ALLIANT ENERGY CORP","Equity","0.25","54.84","24,568.00","1,347,309.12","1,347,309.12","Utilities","US0188021085","NASDAQ","United States","USD"
"MOH","MOLINA HEALTHCARE INC","Equity","0.25","236.72","5,682.00","1,345,043.04","1,345,043.04","Health Care","US60855R1005","New York Stock Exchange Inc.","United States","USD"
"WRK","WESTROCK","Equity","0.25","52.87","25,276.00","1,336,342.12","1,336,342.12","Materials","US96145D1054","New York Stock Exchange Inc.","United States","USD"
"SCMN","SWISSCOM AG","Equity","0.24","545.17","2,440.00","1,330,222.53","1,330,222.53","Communication","CH0008742519","SIX Swiss Exchange","Switzerland","CHF"
"OTEX","OPEN TEXT CORP","Equity","0.24","48.87","26,470.00","1,293,633.10","1,293,633.10","Information Technology","CA6837151068","Toronto Stock Exchange","Canada","CAD"
"FBHS","FORTUNE BRANDS HOME AND SECURITY I","Equity","0.24","97.78","13,196.00","1,290,304.88","1,290,304.88","Industrials","US34964C1062","New York Stock Exchange Inc.","United States","USD"
"EQH","EQUITABLE HOLDINGS INC","Equity","0.24","33.36","38,622.00","1,288,429.92","1,288,429.92","Financials","US29452E1010","New York Stock Exchange Inc.","United States","USD"
"BNR","BRENNTAG","Equity","0.24","86.86","14,756.00","1,281,714.38","1,281,714.38","Industrials","DE000A1DAHH0","Xetra","Germany","EUR"
"PSN","PERSIMMON PLC","Equity","0.24","42.01","30,454.00","1,279,492.65","1,279,492.65","Consumer Discretionary","GB0006825383","London Stock Exchange","United Kingdom","GBP"
"FFIV","F5 NETWORKS INC","Equity","0.23","215.28","5,925.00","1,275,534.00","1,275,534.00","Information Technology","US3156161024","NASDAQ","United States","USD"
"TXT","TEXTRON INC","Equity","0.23","57.56","22,064.00","1,270,003.84","1,270,003.84","Industrials","US8832031012","New York Stock Exchange Inc.","United States","USD"
"CHRW","CH ROBINSON WORLDWIDE INC","Equity","0.23","97.68","12,881.00","1,258,216.08","1,258,216.08","Industrials","US12541W2098","NASDAQ","United States","USD"
"PKG","PACKAGING CORP OF AMERICA","Equity","0.23","137.46","9,057.00","1,244,975.22","1,244,975.22","Materials","US6951561090","New York Stock Exchange Inc.","United States","USD"
"BIO","BIO RAD LABORATORIES INC CLASS A","Equity","0.23","582.80","2,113.00","1,231,456.40","1,231,456.40","Health Care","US0905722072","New York Stock Exchange Inc.","United States","USD"
"FPH","FISHER AND PAYKEL HEALTHCARE CORPO","Equity","0.23","22.40","54,903.00","1,229,990.07","1,229,990.07","Health Care","NZFAPE0001S2","New Zealand Exchange Ltd","New Zealand","NZD"
"DDOG","DATADOG INC CLASS A","Equity","0.22","83.24","14,506.00","1,207,479.44","1,207,479.44","Information Technology","US23804L1035","NASDAQ","United States","USD"
"KPN","KONINKLIJKE KPN NV","Equity","0.22","3.44","348,721.00","1,200,988.90","1,200,988.90","Communication","NL0000009082","Euronext Amsterdam","Netherlands","EUR"
"SNA","SNAP ON INC","Equity","0.22","234.28","5,081.00","1,190,376.68","1,190,376.68","Industrials","US8330341012","New York Stock Exchange Inc.","United States","USD"
"MHK","MOHAWK INDUSTRIES INC","Equity","0.22","201.19","5,908.00","1,188,630.52","1,188,630.52","Consumer Discretionary","US6081901042","New York Stock Exchange Inc.","United States","USD"
"JKHY","JACK HENRY AND ASSOCIATES INC","Equity","0.22","157.25","7,498.00","1,179,060.50","1,179,060.50","Information Technology","US4262811015","NASDAQ","United States","USD"
"NLOK","NORTONLIFELOCK INC","Equity","0.22","22.10","53,050.00","1,172,405.00","1,172,405.00","Information Technology","US6687711084","NASDAQ","United States","USD"
"MASI","MASIMO CORP","Equity","0.21","233.65","4,994.00","1,166,848.10","1,166,848.10","Health Care","US5747951003","NASDAQ","United States","USD"
"FDS","FACTSET RESEARCH SYSTEMS INC","Equity","0.21","320.55","3,626.00","1,162,314.30","1,162,314.30","Financials","US3030751057","New York Stock Exchange Inc.","United States","USD"
"ATO","ATMOS ENERGY CORP","Equity","0.21","98.62","11,777.00","1,161,447.74","1,161,447.74","Utilities","US0495601058","New York Stock Exchange Inc.","United States","USD"
"UCB","UCB SA","Equity","0.21","95.57","12,070.00","1,153,503.95","1,153,503.95","Health Care","BE0003739530","Nyse Euronext - Euronext Brussels","Belgium","EUR"
"KINV B","KINNEVIK CLASS B","Equity","0.21","49.50","23,100.00","1,143,538.10","1,143,538.10","Financials","SE0014684528","Nasdaq Omx Nordic","Sweden","SEK"
"DISCK","DISCOVERY INC SERIES C","Equity","0.20","36.10","30,856.00","1,113,901.60","1,113,901.60","Communication","US25470F3029","NASDAQ","United States","USD"
"BKI","BLACK KNIGHT INC","Equity","0.20","74.63","14,902.00","1,112,136.26","1,112,136.26","Information Technology","US09215C1053","New York Stock Exchange Inc.","United States","USD"
"BAH","BOOZ ALLEN HAMILTON HOLDING CORP C","Equity","0.20","83.69","13,157.00","1,101,109.33","1,101,109.33","Industrials","US0995021062","New York Stock Exchange Inc.","United States","USD"
"BWA","BORGWARNER INC","Equity","0.20","46.79","23,339.00","1,092,031.81","1,092,031.81","Consumer Discretionary","US0997241064","New York Stock Exchange Inc.","United States","USD"
"FNF","FIDELITY NATIONAL FINANCIAL INC","Equity","0.20","41.73","25,981.00","1,084,187.13","1,084,187.13","Financials","US31620R3030","New York Stock Exchange Inc.","United States","USD"
"HFG","HELLOFRESH","Equity","0.20","76.52","14,109.00","1,079,692.23","1,079,692.23","Consumer Discretionary","DE000A161408","Xetra","Germany","EUR"
"STLD","STEEL DYNAMICS INC","Equity","0.20","51.82","20,807.00","1,078,218.74","1,078,218.74","Materials","US8581191009","NASDAQ","United States","USD"
"BRO","BROWN & BROWN INC","Equity","0.20","46.68","22,952.00","1,071,399.36","1,071,399.36","Financials","US1152361010","New York Stock Exchange Inc.","United States","USD"
"WSP","WSP GLOBAL INC","Equity","0.20","98.26","10,868.00","1,067,917.63","1,067,917.63","Industrials","CA92938W2022","Toronto Stock Exchange","Canada","CAD"
"SCA B","SVENSKA CELLULOSA B","Equity","0.20","17.95","59,140.00","1,061,423.64","1,061,423.64","Materials","SE0000112724","Nasdaq Omx Nordic","Sweden","SEK"
"NDSN","NORDSON CORP","Equity","0.19","202.52","5,232.00","1,059,584.64","1,059,584.64","Industrials","US6556631025","NASDAQ","United States","USD"
"CA","CARREFOUR SA","Equity","0.19","17.99","58,551.00","1,053,491.31","1,053,491.31","Consumer Staples","FR0000120172","Nyse Euronext - Euronext Paris","France","EUR"
"PNDORA","PANDORA","Equity","0.19","107.80","9,759.00","1,052,014.72","1,052,014.72","Consumer Discretionary","DK0060252690","Omx Nordic Exchange Copenhagen A/S","Denmark","DKK"
"NET","CLOUDFLARE INC CLASS A","Equity","0.19","71.17","14,719.00","1,047,551.23","1,047,551.23","Information Technology","US18915M1071","New York Stock Exchange Inc.","United States","USD"
"USD","USD CASH","Cash","0.19","100.00","1,037,107.00","1,037,107.43","1,037,107.43","Cash and/or Derivatives","-","-","United States","USD"
"CPT","CAMDEN PROPERTY TRUST REIT","Equity","0.19","110.79","9,228.00","1,022,370.12","1,022,370.12","Real Estate","US1331311027","New York Stock Exchange Inc.","United States","USD"
"UHS","UNIVERSAL HEALTH SERVICES INC CLAS","Equity","0.19","136.37","7,419.00","1,011,729.03","1,011,729.03","Health Care","US9139031002","New York Stock Exchange Inc.","United States","USD"
"WU","WESTERN UNION","Equity","0.19","25.06","40,362.00","1,011,471.72","1,011,471.72","Information Technology","US9598021098","New York Stock Exchange Inc.","United States","USD"
"ADEN","ADECCO GROUP AG","Equity","0.19","69.10","14,626.00","1,010,605.94","1,010,605.94","Industrials","CH0012138605","SIX Swiss Exchange","Switzerland","CHF"
"LEA","LEAR CORP","Equity","0.18","181.65","5,534.00","1,005,251.10","1,005,251.10","Consumer Discretionary","US5218652049","New York Stock Exchange Inc.","United States","USD"
"PNR","PENTAIR","Equity","0.18","62.72","15,841.00","993,547.52","993,547.52","Industrials","IE00BLS09M33","New York Stock Exchange Inc.","United States","USD"
"GL","GLOBE LIFE INC","Equity","0.18","98.69","9,984.00","985,320.96","985,320.96","Financials","US37959E1029","New York Stock Exchange Inc.","United States","USD"
"OC","OWENS CORNING","Equity","0.18","94.30","10,262.00","967,706.60","967,706.60","Industrials","US6907421019","New York Stock Exchange Inc.","United States","USD"
"IVZ","INVESCO LTD","Equity","0.18","25.93","37,256.00","966,048.08","966,048.08","Financials","BMG491BT1088","New York Stock Exchange Inc.","United States","USD"
"HSIC","HENRY SCHEIN INC","Equity","0.18","68.98","13,990.00","965,030.20","965,030.20","Health Care","US8064071025","NASDAQ","United States","USD"
"BOL","BOLIDEN","Equity","0.18","36.91","26,113.00","963,712.07","963,712.07","Materials","SE0012455673","Nasdaq Omx Nordic","Sweden","SEK"
"RE","EVEREST RE GROUP LTD","Equity","0.18","251.01","3,821.00","959,109.21","959,109.21","Financials","BMG3223R1088","New York Stock Exchange Inc.","United States","USD"
"L","LOBLAW COMPANIES LTD","Equity","0.17","56.44","16,601.00","936,901.91","936,901.91","Consumer Staples","CA5394811015","Toronto Stock Exchange","Canada","CAD"
"KGF","KINGFISHER PLC","Equity","0.17","4.53","205,475.00","929,797.58","929,797.58","Consumer Discretionary","GB0033195214","London Stock Exchange","United Kingdom","GBP"
"AOS","A O SMITH CORP","Equity","0.17","67.98","13,321.00","905,561.58","905,561.58","Industrials","US8318652091","New York Stock Exchange Inc.","United States","USD"
"NRG","NRG ENERGY INC","Equity","0.17","37.52","23,950.00","898,604.00","898,604.00","Utilities","US6293775085","New York Stock Exchange Inc.","United States","USD"
"PNW","PINNACLE WEST CORP","Equity","0.16","83.05","10,746.00","892,455.30","892,455.30","Utilities","US7234841010","New York Stock Exchange Inc.","United States","USD"
"KL","KIRKLAND LAKE GOLD LTD","Equity","0.16","35.37","25,023.00","885,104.80","885,104.80","Materials","CA49741E1007","Toronto Stock Exchange","Canada","CAD"
"JAZZ","JAZZ PHARMACEUTICALS PLC","Equity","0.16","164.71","5,295.00","872,139.45","872,139.45","Health Care","IE00B4Q5ZN47","NASDAQ","United States","USD"
"RHI","ROBERT HALF","Equity","0.16","78.19","11,053.00","864,234.07","864,234.07","Industrials","US7703231032","New York Stock Exchange Inc.","United States","USD"
"K","KINROSS GOLD CORP","Equity","0.16","7.05","122,340.00","861,955.35","861,955.35","Materials","CA4969024047","Toronto Stock Exchange","Canada","CAD"
"ELISA","ELISA","Equity","0.16","61.26","14,019.00","858,773.27","858,773.27","Communication","FI0009007884","Nasdaq Omx Helsinki Ltd.","Finland","EUR"
"BEN","FRANKLIN RESOURCES INC","Equity","0.16","30.54","28,034.00","856,158.36","856,158.36","Financials","US3546131018","New York Stock Exchange Inc.","United States","USD"
"RAND","RANDSTAD HOLDING","Equity","0.16","71.97","11,822.00","850,839.39","850,839.39","Industrials","NL0000379121","Euronext Amsterdam","Netherlands","EUR"
"ARW","ARROW ELECTRONICS INC","Equity","0.16","114.60","7,380.00","845,748.00","845,748.00","Information Technology","US0427351004","New York Stock Exchange Inc.","United States","USD"
"AGN","AEGON NV","Equity","0.15","4.82","174,702.00","841,390.64","841,390.64","Financials","NL0000303709","Euronext Amsterdam","Netherlands","EUR"
"JNPR","JUNIPER NETWORKS INC","Equity","0.15","25.71","32,219.00","828,350.49","828,350.49","Information Technology","US48203R1041","New York Stock Exchange Inc.","United States","USD"
"RGA","REINSURANCE GROUP OF AMERICA INC","Equity","0.15","126.79","6,475.00","820,965.25","820,965.25","Financials","US7593516047","New York Stock Exchange Inc.","United States","USD"
"UHR","THE SWATCH GROUP AG","Equity","0.15","295.53","2,765.00","817,149.79","817,149.79","Consumer Discretionary","CH0012255151","SIX Swiss Exchange","Switzerland","CHF"
"DVA","DAVITA INC","Equity","0.15","106.80","7,621.00","813,922.80","813,922.80","Health Care","US23918K1088","New York Stock Exchange Inc.","United States","USD"
"AIZ","ASSURANT INC","Equity","0.15","142.79","5,695.00","813,189.05","813,189.05","Financials","US04621X1081","New York Stock Exchange Inc.","United States","USD"
"HII","HUNTINGTON INGALLS INDUSTRIES INC","Equity","0.15","207.60","3,908.00","811,300.80","811,300.80","Industrials","US4464131063","New York Stock Exchange Inc.","United States","USD"
"288","WH GROUP LTD","Equity","0.15","0.86","934,000.00","804,778.93","804,778.93","Consumer Staples","KYG960071028","Hong Kong Exchanges And Clearing Ltd","Hong Kong","HKD"
"G24","SCOUT24 N AG","Equity","0.15","77.87","10,271.00","799,803.80","799,803.80","Communication","DE000A12DM80","Xetra","Germany","EUR"
"9531","TOKYO GAS LTD","Equity","0.15","21.66","36,700.00","795,080.58","795,080.58","Utilities","JP3573000001","Tokyo Stock Exchange","Japan","JPY"
"IPGP","IPG PHOTONICS CORP","Equity","0.15","222.94","3,557.00","792,997.58","792,997.58","Information Technology","US44980X1090","NASDAQ","United States","USD"
"ALV","AUTOLIV INC","Equity","0.15","95.42","8,309.00","792,844.78","792,844.78","Consumer Discretionary","US0528001094","New York Stock Exchange Inc.","United States","USD"
"VOYA","VOYA FINANCIAL INC","Equity","0.14","65.31","12,048.00","786,854.88","786,854.88","Financials","US9290891004","New York Stock Exchange Inc.","United States","USD"
"DXS","DEXUS STAPLED UNITS","Equity","0.14","7.41","104,155.00","771,732.15","771,732.15","Real Estate","AU000000DXS1","Asx - All Markets","Australia","AUD"
"9502","CHUBU ELECTRIC POWER INC","Equity","0.14","12.46","61,400.00","764,886.73","764,886.73","Utilities","JP3526600006","Tokyo Stock Exchange","Japan","JPY"
"SEIC","SEI INVESTMENTS","Equity","0.14","62.26","12,253.00","762,871.78","762,871.78","Financials","US7841171033","NASDAQ","United States","USD"
"PSON","PEARSON PLC","Equity","0.14","10.71","71,119.00","761,818.80","761,818.80","Communication","GB0006776081","London Stock Exchange","United Kingdom","GBP"
"ULTA","ULTA BEAUTY INC","Equity","0.14","319.77","2,382.00","761,692.14","761,692.14","Consumer Discretionary","US90384S3031","NASDAQ","United States","USD"
"5201","AGC INC","Equity","0.14","41.99","18,100.00","760,089.89","760,089.89","Industrials","JP3112000009","Tokyo Stock Exchange","Japan","JPY"
"6","POWER ASSETS HOLDINGS LTD","Equity","0.14","5.80","131,000.00","759,806.06","759,806.06","Utilities","HK0006000050","Hong Kong Exchanges And Clearing Ltd","Hong Kong","HKD"
"ROL","ROLLINS INC","Equity","0.14","35.39","21,122.00","747,507.58","747,507.58","Industrials","US7757111049","New York Stock Exchange Inc.","United States","USD"
"H","HYDRO ONE LTD","Equity","0.14","23.76","31,370.00","745,502.66","745,502.66","Utilities","CA4488112083","Toronto Stock Exchange","Canada","CAD"
"UN01","UNIPER","Equity","0.14","36.79","20,063.00","738,072.09","738,072.09","Utilities","DE000UNSE018","Xetra","Germany","EUR"
"EMSN","EMS-CHEMIE HOLDING AG","Equity","0.13","909.87","798.00","726,073.96","726,073.96","Materials","CH0016440353","SIX Swiss Exchange","Switzerland","CHF"
"COG","CABOT OIL & GAS CORP","Equity","0.13","18.55","38,902.00","721,632.10","721,632.10","Energy","US1270971039","New York Stock Exchange Inc.","United States","USD"
"EVK","EVONIK INDUSTRIES AG","Equity","0.13","35.86","20,018.00","717,758.23","717,758.23","Materials","DE000EVNK013","Xetra","Germany","EUR"
"1878","DAITO TRUST CONSTRUCTION LTD","Equity","0.13","115.49","6,200.00","716,066.65","716,066.65","Real Estate","JP3486800000","Tokyo Stock Exchange","Japan","JPY"
"BSL","BLUESCOPE STEEL LTD","Equity","0.13","15.31","46,425.00","710,687.50","710,687.50","Materials","AU000000BSL0","Asx - All Markets","Australia","AUD"
"2269","MEIJI HOLDINGS LTD","Equity","0.13","64.01","11,000.00","704,135.83","704,135.83","Consumer Staples","JP3918000005","Tokyo Stock Exchange","Japan","JPY"
"1801","TAISEI CORP","Equity","0.13","38.27","18,200.00","696,536.07","696,536.07","Industrials","JP3443600006","Tokyo Stock Exchange","Japan","JPY"
"7752","RICOH LTD","Equity","0.13","10.61","65,400.00","694,171.70","694,171.70","Information Technology","JP3973400009","Tokyo Stock Exchange","Japan","JPY"
"1605","INPEX CORP","Equity","0.13","7.05","98,400.00","694,209.83","694,209.83","Energy","JP3294460005","Tokyo Stock Exchange","Japan","JPY"
"9503","KANSAI ELECTRIC POWER INC","Equity","0.13","10.24","67,200.00","688,260.77","688,260.77","Utilities","JP3228600007","Tokyo Stock Exchange","Japan","JPY"
"LUN","LUNDIN MINING CORP","Equity","0.13","10.83","63,021.00","682,641.50","682,641.50","Materials","CA5503721063","Toronto Stock Exchange","Canada","CAD"
"UBI","UBISOFT ENTERTAINMENT SA CAT A","Equity","0.13","77.11","8,824.00","680,462.72","680,462.72","Communication","FR0000054470","Nyse Euronext - Euronext Paris","France","EUR"
"TW","TRADEWEB MARKETS INC CLASS A","Equity","0.12","76.97","8,659.00","666,483.23","666,483.23","Financials","US8926721064","NASDAQ","United States","USD"
"MAERSK A","A P MOLLER MAERSK","Equity","0.12","2,190.57","303.00","663,742.21","663,742.21","Industrials","DK0010244425","Omx Nordic Exchange Copenhagen A/S","Denmark","DKK"
"OGE","OGE ENERGY CORP","Equity","0.12","32.83","20,034.00","657,716.22","657,716.22","Utilities","US6708371033","New York Stock Exchange Inc.","United States","USD"
"DISCA","DISCOVERY INC SERIES A","Equity","0.12","41.64","15,623.00","650,541.72","650,541.72","Communication","US25470F1049","NASDAQ","United States","USD"
"4204","SEKISUI CHEMICAL LTD","Equity","0.12","19.47","33,400.00","650,198.39","650,198.39","Consumer Discretionary","JP3419400001","Tokyo Stock Exchange","Japan","JPY"
"RBA","RITCHIE BROS AUCTIONEERS INC","Equity","0.12","61.48","10,386.00","638,500.27","638,500.27","Industrials","CA7677441056","Toronto Stock Exchange","Canada","CAD"
"ATO","ATOS","Equity","0.12","68.74","9,226.00","634,177.35","634,177.35","Information Technology","FR0000051732","Nyse Euronext - Euronext Paris","France","EUR"
"GFC","GECINA SA","Equity","0.11","139.93","4,448.00","622,409.57","622,409.57","Real Estate","FR0010040865","Nyse Euronext - Euronext Paris","France","EUR"
"ATH","ATHENE HOLDING LTD CLASS A","Equity","0.11","51.06","12,052.00","615,375.12","615,375.12","Financials","BMG0684D1074","New York Stock Exchange Inc.","United States","USD"
"12","HENDERSON LAND DEVELOPMENT LTD","Equity","0.11","4.48","137,000.00","614,013.99","614,013.99","Real Estate","HK0012000102","Hong Kong Exchanges And Clearing Ltd","Hong Kong","HKD"
"IAG","IA FINANCIAL INC","Equity","0.11","55.92","10,906.00","609,833.45","609,833.45","Financials","CA45075E1043","Toronto Stock Exchange","Canada","CAD"
"1812","KAJIMA CORP","Equity","0.11","14.17","42,900.00","608,043.76","608,043.76","Industrials","JP3210200006","Tokyo Stock Exchange","Japan","JPY"
"KNX","KNIGHT-SWIFT TRANSPORTATION HOLDIN","Equity","0.11","49.64","12,179.00","604,565.56","604,565.56","Industrials","US4990491049","New York Stock Exchange Inc.","United States","USD"
"LXS","LANXESS AG","Equity","0.11","75.63","7,928.00","599,581.84","599,581.84","Materials","DE0005470405","Xetra","Germany","EUR"
"REE","RED ELECTRICA SA","Equity","0.11","17.69","33,691.00","596,056.14","596,056.14","Utilities","ES0173093024","Bolsa De Madrid","Spain","EUR"
"MRW","MORRISON(WM.)SUPERMARKETS PLC","Equity","0.11","2.52","234,580.00","591,370.45","591,370.45","Consumer Staples","GB0006043169","London Stock Exchange","United Kingdom","GBP"
"HUSQ B","HUSQVARNA","Equity","0.11","14.58","39,880.00","581,391.16","581,391.16","Consumer Discretionary","SE0001662230","Nasdaq Omx Nordic","Sweden","SEK"
"1802","OBAYASHI CORP","Equity","0.11","9.30","62,000.00","576,456.17","576,456.17","Industrials","JP3190000004","Tokyo Stock Exchange","Japan","JPY"
"MPL","MEDIBANK PRIVATE LTD","Equity","0.11","2.17","263,438.00","572,083.54","572,083.54","Financials","AU000000MPL3","Asx - All Markets","Australia","AUD"
"REA","REA GROUP LTD","Equity","0.11","109.02","5,237.00","570,957.62","570,957.62","Communication","AU000000REA9","Asx - All Markets","Australia","AUD"
"DLG","DIRECT LINE INSURANCE PLC","Equity","0.10","4.36","129,723.00","566,104.47","566,104.47","Financials","GB00BY9D0Y18","London Stock Exchange","United Kingdom","GBP"
"UHAL","AMERCO","Equity","0.10","621.29","909.00","564,752.61","564,752.61","Industrials","US0235861004","NASDAQ","United States","USD"
"ERIE","ERIE INDEMNITY CLASS A","Equity","0.10","222.88","2,508.00","558,983.04","558,983.04","Financials","US29530P1021","NASDAQ","United States","USD"
"868","XINYI GLASS HLDS LTD","Equity","0.10","3.28","170,000.00","557,498.91","557,498.91","Industrials","KYG9828G1082","Hong Kong Exchanges And Clearing Ltd","Hong Kong","HKD"
"SBRY","SAINSBURY(J) PLC","Equity","0.10","3.31","167,479.00","555,191.06","555,191.06","Consumer Staples","GB00B019KW72","London Stock Exchange","United Kingdom","GBP"
"9697","CAPCOM LTD","Equity","0.10","33.55","16,400.00","550,215.64","550,215.64","Communication","JP3218900003","Tokyo Stock Exchange","Japan","JPY"
"3861","OJI HOLDINGS CORP","Equity","0.10","6.61","82,500.00","545,330.73","545,330.73","Materials","JP3174410005","Tokyo Stock Exchange","Japan","JPY"
"9766","KONAMI HOLDINGS CORP","Equity","0.10","62.29","8,700.00","541,898.58","541,898.58","Communication","JP3300200007","Tokyo Stock Exchange","Japan","JPY"
"AZJ","AURIZON HOLDINGS LTD","Equity","0.10","2.95","182,688.00","539,212.58","539,212.58","Industrials","AU000000AZJ1","Asx - All Markets","Australia","AUD"
"EMP.A","EMPIRE LTD CLASS A","Equity","0.10","32.26","16,695.00","538,518.27","538,518.27","Consumer Staples","CA2918434077","Toronto Stock Exchange","Canada","CAD"
"HIK","HIKMA PHARMACEUTICALS PLC","Equity","0.10","32.22","16,493.00","531,388.40","531,388.40","Health Care","GB00B0LCW083","London Stock Exchange","United Kingdom","GBP"
"BIM","BIOMERIEUX SA","Equity","0.10","128.54","4,125.00","530,246.71","530,246.71","Health Care","FR0013280286","Nyse Euronext - Euronext Paris","France","EUR"
"SOF","SOFINA SA","Equity","0.10","344.99","1,504.00","518,862.16","518,862.16","Financials","BE0003717312","Nyse Euronext - Euronext Brussels","Belgium","EUR"
"6845","AZBIL CORP","Equity","0.09","43.58","11,800.00","514,277.93","514,277.93","Information Technology","JP3937200008","Tokyo Stock Exchange","Japan","JPY"
"101","HANG LUNG PROPERTIES LTD","Equity","0.09","2.62","196,000.00","514,210.76","514,210.76","Real Estate","HK0101000591","Hong Kong Exchanges And Clearing Ltd","Hong Kong","HKD"
"3626","TIS INC","Equity","0.09","23.59","21,700.00","511,886.32","511,886.32","Information Technology","JP3104890003","Tokyo Stock Exchange","Japan","JPY"
"6268","NABTESCO CORP","Equity","0.09","48.40","10,500.00","508,149.09","508,149.09","Industrials","JP3651210001","Tokyo Stock Exchange","Japan","JPY"
"EVN","EVOLUTION MINING LTD","Equity","0.09","3.21","154,857.00","497,327.90","497,327.90","Materials","AU000000EVN4","Asx - All Markets","Australia","AUD"
"GBP","GBP CASH","Cash","0.09","138.94","356,392.00","495,153.71","495,153.71","Cash and/or Derivatives","-","-","United Kingdom","GBP"
"ICA","ICA GRUPPEN","Equity","0.09","48.41","10,017.00","484,898.48","484,898.48","Consumer Staples","SE0000652216","Nasdaq Omx Nordic","Sweden","SEK"
"7912","DAI NIPPON PRINTING LTD","Equity","0.09","20.66","23,300.00","481,295.68","481,295.68","Industrials","JP3493800001","Tokyo Stock Exchange","Japan","JPY"
"QBR.B","QUEBECOR INC CLASS B","Equity","0.09","27.10","17,482.00","473,830.14","473,830.14","Communication","CA7481932084","Toronto Stock Exchange","Canada","CAD"
"RPRX","ROYALTY PHARMA PLC CLASS A","Equity","0.09","42.70","10,852.00","463,380.40","463,380.40","Health Care","GB00BMVP7Y09","NASDAQ","United States","USD"
"AGL","AGL ENERGY LTD","Equity","0.09","7.43","62,274.00","462,845.15","462,845.15","Utilities","AU000000AGL7","Asx - All Markets","Australia","AUD"
"4042","TOSOH CORP","Equity","0.08","19.35","23,500.00","454,701.05","454,701.05","Materials","JP3595200001","Tokyo Stock Exchange","Japan","JPY"
"6448","BROTHER INDUSTRIES LTD","Equity","0.08","22.32","20,300.00","453,056.70","453,056.70","Information Technology","JP3830000000","Tokyo Stock Exchange","Japan","JPY"
"ICSUAGD","BLK ICS USD LIQ AGENCY DIS","Money Market","0.08","1.00","452,625.00","452,625.31","452,625.31","Cash and/or Derivatives","IE00B50QMP13","-","Ireland","USD"
"BTO","B2GOLD CORP","Equity","0.08","4.47","101,183.00","452,629.95","452,629.95","Materials","CA11777Q2099","Toronto Stock Exchange","Canada","CAD"
"83","SINO LAND LTD","Equity","0.08","1.39","322,881.00","450,118.32","450,118.32","Real Estate","HK0083000502","Hong Kong Exchanges And Clearing Ltd","Hong Kong","HKD"
"MFG","MAGELLAN FINANCIAL GROUP LTD","Equity","0.08","34.91","12,775.00","445,927.63","445,927.63","Financials","AU000000MFG4","Asx - All Markets","Australia","AUD"
"TIT","TELECOM ITALIA","Equity","0.08","0.54","816,080.00","442,334.20","442,334.20","Communication","IT0003497168","Borsa Italiana","Italy","EUR"
"ORNBV","ORION CLASS B","Equity","0.08","40.66","10,784.00","438,451.89","438,451.89","Health Care","FI0009014377","Nasdaq Omx Helsinki Ltd.","Finland","EUR"
"6370","KURITA WATER INDUSTRIES LTD","Equity","0.08","44.17","9,900.00","437,313.30","437,313.30","Industrials","JP3270000007","Tokyo Stock Exchange","Japan","JPY"
"1803","SHIMIZU CORP","Equity","0.08","8.23","52,800.00","434,346.94","434,346.94","Industrials","JP3358800005","Tokyo Stock Exchange","Japan","JPY"
"9533","TOHO GAS LTD","Equity","0.08","59.47","7,300.00","434,149.00","434,149.00","Utilities","JP3600200004","Tokyo Stock Exchange","Japan","JPY"
"7911","TOPPAN PRINTING LTD","Equity","0.08","17.03","25,300.00","430,951.11","430,951.11","Industrials","JP3629000005","Tokyo Stock Exchange","Japan","JPY"
"EO","FAURECIA","Equity","0.08","55.48","7,627.00","423,119.62","423,119.62","Consumer Discretionary","FR0000121147","Nyse Euronext - Euronext Paris","France","EUR"
"6724","SEIKO EPSON CORP","Equity","0.08","16.03","26,100.00","418,510.01","418,510.01","Information Technology","JP3414750004","Tokyo Stock Exchange","Japan","JPY"
"9506","TOHOKU ELECTRIC POWER INC","Equity","0.08","9.24","45,200.00","417,792.71","417,792.71","Utilities","JP3605400005","Tokyo Stock Exchange","Japan","JPY"
"YRI","YAMANA GOLD INC","Equity","0.08","4.45","92,818.00","412,985.79","412,985.79","Materials","CA98462Y1007","Toronto Stock Exchange","Canada","CAD"
"5947","RINNAI CORP","Equity","0.08","110.77","3,700.00","409,860.63","409,860.63","Consumer Discretionary","JP3977400005","Tokyo Stock Exchange","Japan","JPY"
"LUND B","LUNDBERGFORETAGEN CLASS B","Equity","0.07","55.70","7,145.00","397,953.73","397,953.73","Financials","SE0000108847","Nasdaq Omx Nordic","Sweden","SEK"
"RAA","RATIONAL AG","Equity","0.07","813.62","488.00","397,048.79","397,048.79","Industrials","DE0007010803","Xetra","Germany","EUR"
"DIA","DIASORIN","Equity","0.07","164.88","2,397.00","395,227.04","395,227.04","Health Care","IT0003492391","Borsa Italiana","Italy","EUR"
"INDU A","INDUSTRIVARDEN A","Equity","0.07","37.47","10,190.00","381,798.21","381,798.21","Financials","SE0000190126","Nasdaq Omx Nordic","Sweden","SEK"
"6113","AMADA LTD","Equity","0.07","11.30","33,700.00","380,649.20","380,649.20","Industrials","JP3122800000","Tokyo Stock Exchange","Japan","JPY"
"7459","MEDIPAL HOLDINGS CORP","Equity","0.07","19.38","19,500.00","377,836.29","377,836.29","Health Care","JP3268950007","Tokyo Stock Exchange","Japan","JPY"
"6923","STANLEY ELECTRIC LTD","Equity","0.07","30.37","12,400.00","376,610.52","376,610.52","Consumer Discretionary","JP3399400005","Tokyo Stock Exchange","Japan","JPY"
"9831","YAMADA HOLDINGS LTD","Equity","0.07","5.40","69,500.00","375,471.01","375,471.01","Consumer Discretionary","JP3939000000","Tokyo Stock Exchange","Japan","JPY"
"FDJ","LA FRANCAISE DES JEUX SA","Equity","0.07","45.60","8,201.00","373,975.46","373,975.46","Consumer Discretionary","FR0013451333","Nyse Euronext - Euronext Paris","France","EUR"
"9684","SQUARE ENIX HLDG LTD","Equity","0.07","59.02","6,100.00","360,012.71","360,012.71","Communication","JP3164630000","Tokyo Stock Exchange","Japan","JPY"
"2371","KAKAKU.COM INC","Equity","0.06","28.24","12,100.00","341,680.66","341,680.66","Communication","JP3206000006","Tokyo Stock Exchange","Japan","JPY"
"2875","TOYO SUISAN LTD","Equity","0.06","42.18","8,100.00","341,621.65","341,621.65","Consumer Staples","JP3613000003","Tokyo Stock Exchange","Japan","JPY"
"2784","ALFRESA HOLDINGS CORP","Equity","0.06","18.97","18,000.00","341,417.35","341,417.35","Health Care","JP3126340003","Tokyo Stock Exchange","Japan","JPY"
"CAR.UN","CANADIAN APARTMENT PROPERTIES REAL","Equity","0.06","43.57","7,813.00","340,393.03","340,393.03","Real Estate","CA1349211054","Toronto Stock Exchange","Canada","CAD"
"1972","SWIRE PROPERTIES LTD","Equity","0.06","3.04","111,600.00","339,430.03","339,430.03","Real Estate","HK0000063609","Hong Kong Exchanges And Clearing Ltd","Hong Kong","HKD"
"2282","NH FOODS LTD","Equity","0.06","43.72","7,750.00","338,822.81","338,822.81","Consumer Staples","JP3743000006","Tokyo Stock Exchange","Japan","JPY"
"TITR","TELECOM ITALIA SAVING","Equity","0.06","0.57","588,935.00","337,630.02","337,630.02","Communication","IT0003497176","Borsa Italiana","Italy","EUR"
"ENG","ENAGAS SA","Equity","0.06","21.74","15,489.00","336,711.29","336,711.29","Utilities","ES0130960018","Bolsa De Madrid","Spain","EUR"
"FPE3","FUCHS PETROLUB PREF","Equity","0.06","48.87","6,808.00","332,702.79","332,702.79","Materials","DE0005790430","Xetra","Germany","EUR"
"4530","HISAMITSU PHARMACEUTICAL INC","Equity","0.06","66.28","5,000.00","331,411.45","331,411.45","Health Care","JP3784600003","Tokyo Stock Exchange","Japan","JPY"
"VPK","KONINKLIJKE VOPAK NV","Equity","0.06","50.05","6,615.00","331,075.70","331,075.70","Energy","NL0009432491","Euronext Amsterdam","Netherlands","EUR"
"JPY","JPY CASH","Cash","0.06","0.91","36,463,463.00","331,079.70","331,079.70","Cash and/or Derivatives","-","-","Japan","JPY"
"COLR","ETABLISSEMENTEN FRANZ COLRUYT NV","Equity","0.06","59.89","5,475.00","327,893.29","327,893.29","Consumer Staples","BE0974256852","Nyse Euronext - Euronext Brussels","Belgium","EUR"
"ROCK B","ROCKWOOL INTERNATIONAL B","Equity","0.06","424.15","771.00","327,023.46","327,023.46","Industrials","DK0010219153","Omx Nordic Exchange Copenhagen A/S","Denmark","DKK"
"PROX","PROXIMUS NV","Equity","0.06","22.18","14,707.00","326,218.61","326,218.61","Communication","BE0003810273","Nyse Euronext - Euronext Brussels","Belgium","EUR"
"3349","COSMOS PHARMACEUTICAL CORP","Equity","0.06","154.54","2,100.00","324,528.99","324,528.99","Consumer Staples","JP3298400007","Tokyo Stock Exchange","Japan","JPY"
"3141","WELCIA HOLDINGS LTD","Equity","0.06","34.50","9,300.00","320,878.92","320,878.92","Consumer Staples","JP3274280001","Tokyo Stock Exchange","Japan","JPY"
"IPN","IPSEN SA","Equity","0.06","87.07","3,597.00","313,201.33","313,201.33","Health Care","FR0010259150","Nyse Euronext - Euronext Paris","France","EUR"
"9719","SCSK CORP","Equity","0.06","58.75","5,100.00","299,605.03","299,605.03","Information Technology","JP3400400002","Tokyo Stock Exchange","Japan","JPY"
"3401","TEIJIN LTD","Equity","0.05","17.44","17,100.00","298,262.13","298,262.13","Materials","JP3544000007","Tokyo Stock Exchange","Japan","JPY"
"UHRN","THE SWATCH GROUP AG","Equity","0.05","57.37","5,020.00","287,982.28","287,982.28","Consumer Discretionary","CH0012255144","SIX Swiss Exchange","Switzerland","CHF"
"ILD","ILIAD SA","Equity","0.05","194.26","1,437.00","279,154.93","279,154.93","Communication","FR0004035913","Nyse Euronext - Euronext Paris","France","EUR"
"9989","SUNDRUG LTD","Equity","0.05","36.32","7,400.00","268,761.07","268,761.07","Consumer Staples","JP3336600006","Tokyo Stock Exchange","Japan","JPY"
"3635","KOEI TECMO HOLDINGS LTD","Equity","0.05","45.94","5,850.00","268,770.15","268,770.15","Communication","JP3283460008","Tokyo Stock Exchange","Japan","JPY"
"5233","TAIHEIYO CEMENT CORP","Equity","0.05","25.79","10,200.00","263,022.65","263,022.65","Materials","JP3449020001","Tokyo Stock Exchange","Japan","JPY"
"ACO.X","ATCO LTD CLASS I","Equity","0.05","33.51","7,849.00","263,023.17","263,023.17","Utilities","CA0467894006","Toronto Stock Exchange","Canada","CAD"
"5334","NGK SPARK PLUG LTD","Equity","0.05","17.41","14,400.00","250,645.12","250,645.12","Consumer Discretionary","JP3738600000","Tokyo Stock Exchange","Japan","JPY"
"SOL","WASHINGTON H SOUL PATTINSON & COMP","Equity","0.05","24.21","10,262.00","248,430.90","248,430.90","Energy","AU000000SOL3","Asx - All Markets","Australia","AUD"
"8593","MITSUBISHI HC CAPITAL INC","Equity","0.05","5.86","42,000.00","245,970.85","245,970.85","Financials","JP3499800005","Tokyo Stock Exchange","Japan","JPY"
"REI.UN","RIOCAN REAL ESTATE INVESTMENT TRUS","Equity","0.05","15.57","15,772.00","245,553.60","245,553.60","Real Estate","CA7669101031","Toronto Stock Exchange","Canada","CAD"
"9987","SUZUKEN LTD","Equity","0.04","37.91","5,900.00","223,657.33","223,657.33","Health Care","JP3398000004","Tokyo Stock Exchange","Japan","JPY"
"8227","SHIMAMURA LTD","Equity","0.04","116.95","1,900.00","222,200.03","222,200.03","Consumer Discretionary","JP3358200008","Tokyo Stock Exchange","Japan","JPY"
"FRES","FRESNILLO PLC","Equity","0.04","12.43","17,548.00","218,155.05","218,155.05","Materials","GB00B2QPKJ12","London Stock Exchange","United Kingdom","GBP"
"AUD","AUD CASH","Cash","0.04","76.46","272,561.00","208,413.57","208,413.57","Cash and/or Derivatives","-","-","Australia","AUD"
"2212","YAMAZAKI BAKING LTD","Equity","0.04","16.06","12,400.00","199,170.11","199,170.11","Consumer Staples","JP3935600001","Tokyo Stock Exchange","Japan","JPY"
"2229","CALBEE INC","Equity","0.04","25.63","7,700.00","197,367.78","197,367.78","Consumer Staples","JP3220580009","Tokyo Stock Exchange","Japan","JPY"
"EO","FAURECIA","Equity","0.03","55.46","3,368.00","186,805.27","186,805.27","Consumer Discretionary","FR0000121147","Borsa Italiana","France","EUR"
"CITFT","CASH COLLATERAL EUR CITFT","Cash Collateral and Margins","0.03","117.98","153,000.00","180,517.05","180,517.05","Cash and/or Derivatives","-","-","European Union","EUR"
"7282","TOYODA GOSEI LTD","Equity","0.03","26.79","6,600.00","176,783.04","176,783.04","Consumer Discretionary","JP3634200004","Tokyo Stock Exchange","Japan","JPY"
"S68","SINGAPORE EXCHANGE LTD","Equity","0.03","7.44","21,700.00","161,549.30","161,549.30","Financials","SG1J26887955","Singapore Exchange","Singapore","SGD"
"G24B","SCOUT24 RIGHTS AG","Equity","0.02","11.74","10,271.00","120,593.80","120,593.80","Communication","DE000A3H3LR9","Xetra","Germany","EUR"
"EUR","EUR CASH","Cash","0.02","117.98","78,632.00","92,774.39","92,774.39","Cash and/or Derivatives","-","-","European Union","EUR"
"DKK","DKK CASH","Cash","0.01","15.86","385,298.00","61,116.68","61,116.68","Cash and/or Derivatives","-","-","Denmark","DKK"
"HKD","HKD CASH","Cash","0.01","12.86","405,888.00","52,198.82","52,198.82","Cash and/or Derivatives","-","-","Hong Kong","HKD"
"CAD","CAD CASH","Cash","0.01","79.88","57,974.00","46,310.57","46,310.57","Cash and/or Derivatives","-","-","Canada","CAD"
"SPK","SPARK NEW ZEALAND LTD","Equity","0.01","3.18","12,644.00","40,172.83","40,172.83","Communication","NZTELE0001S4","New Zealand Exchange Ltd","New Zealand","NZD"
"NZD","NZD CASH","Cash","0.01","70.61","42,867.00","30,266.06","30,266.06","Cash and/or Derivatives","-","-","New Zealand","NZD"
"STLA","STELLANTIS NV","Equity","0.01","17.84","1,611.00","28,739.16","28,739.16","Consumer Discretionary","NL00150001Q9","Nyse Euronext - Euronext Paris","Italy","EUR"
"ILS","ILS CASH","Cash","0.00","30.21","80,088.00","24,198.01","24,198.01","Cash and/or Derivatives","-","-","Israel","ILS"
"SEK","SEK CASH","Cash","0.00","11.48","158,264.00","18,167.35","18,167.35","Cash and/or Derivatives","-","-","Sweden","SEK"
"CHF","CHF CASH","Cash","0.00","106.73","15,839.00","16,905.36","16,905.36","Cash and/or Derivatives","-","-","Switzerland","CHF"
"NOK","NOK CASH","Cash","0.00","11.75","39,740.00","4,671.46","4,671.46","Cash and/or Derivatives","-","-","Norway","NOK"
"SGD","SGD CASH","Cash","0.00","74.52","5,804.00","4,325.32","4,325.32","Cash and/or Derivatives","-","-","Singapore","SGD"
"MFSM1","MSCI EAFE INDEX JUN 21","Futures","0.00","2,256.80","9.00","0.00","1,015,560.00","Cash and/or Derivatives","-","Ice Futures U.S.","-","USD"
"TPM1","TOPIX INDEX JUN 21","Futures","0.00","18.00","2.00","0.00","359,921.91","Cash and/or Derivatives","-","Osaka Securities Exchange","-","JPY"
"ESM1","S&P500 EMINI JUN 21","Futures","0.00","4,067.70","5.00","0.00","1,016,925.00","Cash and/or Derivatives","-","Index And Options Market","-","USD"
"IBJ1","IBEX 35 INDEX APR 21","Futures","0.00","10,119.75","3.00","0.00","303,594.28","Cash and/or Derivatives","ES0B00071125","Meff Renta Variable","-","EUR"
 